ticket_id,opened_date,closed_date,department,category,priority,technician,status,resolution_time_hours,sla_status,satisfaction_score
1001,2026-09-01,2026-09-01,HR,Password Reset,Low,Alex,Closed,1,Met,5
1002,2026-09-01,2026-09-02,Finance,Software Issue,Medium,Jordan,Closed,6,Met,4
1003,2026-09-02,2026-09-02,Sales,Wi-Fi,High,Alex,Closed,3,Met,5
1004,2026-09-02,2026-09-03,Operations,Printer,Medium,Taylor,Closed,10,Missed,3
1005,2026-09-03,2026-09-03,IT,Account Lockout,High,Jordan,Closed,2,Met,5
1006,2026-09-03,2026-09-05,HR,Hardware Issue,High,Taylor,Closed,18,Missed,2
1007,2026-09-04,2026-09-04,Finance,Password Reset,Low,Alex,Closed,1,Met,5
1008,2026-09-04,2026-09-05,Sales,Software Issue,Medium,Jordan,Closed,7,Met,4
1009,2026-09-05,2026-09-05,Operations,Email Issue,Medium,Taylor,Closed,4,Met,4
1010,2026-09-05,2026-09-06,IT,Network Issue,Critical,Alex,Closed,5,Missed,3